dma_code,DMA Name,DMA Total HH,Total TV HH,Black TV HH,Hisp TV HH,TV HH w/child <18,Children Age 2-5,Children Age 6-11,Men Age 12-14,Men Age 15-17,Men Age 18-20,Men Age 21-24,Men Age 25-34,Men Age 35-44,Men Age 45-49,Men Age 50-54,Men Age 55-64,Men Age 65+,Women Age 12-14,Women Age 15-17,Women Age 18-20,Women Age 21-24,Women Age 25-34,Women Age 35-44,Women Age 45-49,Women Age 50-54,Women Age 55-64,Women Age 65+,Working Women,W25-49,W25-54,A25-54,A18-49,A25-49,A35-64,A35-54,M21-54,A55+,A25-64,W18-49,dma_name,mmm_b2b_acq_dma,mmm_b2c_acq_dma
662.0,ABILENE-SWEETWATER,121700,117460,6670,24920,33230,15628,23456,6098,6066,6175,8226,18272,17127,7613,7613,17346,24890,5837,5892,6113,8276,18041,17447,7803,7840,18290,29449,0,43291,51131,101756,115093,86303,101079,65443,58851,89975,137392,57680,ABILENE-SWEETWATER,"ABILENE, TX",ABILENE-SWEETWATER TX
525.0,"ALBANY, GA",141900,136260,54300,7990,44250,19154,29421,7784,7796,7464,8860,20958,19959,10060,10305,20659,27154,7457,7485,7335,8978,22643,22581,11149,11413,23599,35713,0,56373,67786,129068,139987,107350,129725,85467,70142,107125,173326,72686,"ALBANY, GA",OTHER,OTHER
532.0,ALBANY-SCHENECTADY-TROY,598800,575080,38980,25150,143150,55183,86806,23034,23926,26383,33414,82558,79943,39162,42942,98142,129774,21875,22939,25895,32586,81590,81946,40677,45119,104704,154571,0,204213,249332,493937,524154,405876,532635,329789,278019,487191,696783,262694,ALBANY-SCHENECTADY-TROY,"NEW YORK, NY","NEW YORK, NY"
790.0,ALBUQUERQUE-SANTA FE,763300,700940,18270,294130,207060,82486,134594,36704,36750,32955,41445,110389,110760,50542,50159,111793,164284,35319,35988,32238,40653,107576,111144,52160,52878,123238,194933,0,270880,323758,645608,689862,542571,662674,427643,363295,594248,880639,343771,ALBUQUERQUE-SANTA FE,OTHER,OTHER
644.0,"ALEXANDRIA, LA",88900,86050,20980,2960,27830,12507,18357,4681,4588,4543,5764,13840,12851,5963,6002,12618,16399,4492,4415,4363,5420,14194,13888,6284,6457,13998,20863,0,34366,40823,79479,87110,67020,78061,51445,44420,63878,106095,44149,"ALEXANDRIA, LA","ALEXANDRIA, LA",ALEXANDRIA LA
583.0,ALPENA,17600,17020,100,300,3420,1344,2109,561,593,609,729,1856,1895,948,1071,3275,5133,538,572,575,684,1695,1802,992,1123,3419,5546,0,4489,5612,11382,11785,9188,14525,7831,6499,17373,18076,5748,ALPENA,OTHER,OTHER
634.0,AMARILLO,199000,190140,9260,59310,60910,29035,44593,11653,11380,11051,13875,33378,31988,14171,13478,27915,37117,11181,10989,10617,12935,31905,31332,14064,13476,28847,43518,0,77301,90777,183792,205316,156838,175271,118509,106890,137397,240554,100853,AMARILLO,"AMARILLO, TX",AMARILLO TX
743.0,ANCHORAGE,172100,160510,8280,10500,51200,23192,35537,9305,8867,8143,10335,31666,29082,12594,12393,26911,30024,8742,8324,7555,9478,29438,28770,12451,12362,26689,31839,0,70659,83021,168756,179512,144001,161252,107652,96070,115463,222356,87692,ANCHORAGE,OTHER,OTHER
524.0,ATLANTA,2730500,2659160,868570,208680,880200,354402,556239,148146,152687,150929,185521,461987,450427,228751,231816,426131,461101,143088,149622,150330,187764,489115,495674,253593,252765,469637,585780,0,1238382,1491147,2864128,3054091,2379547,2808794,1913026,1558502,1942649,3759896,1576476,ATLANTA,OTHER,OTHER
520.0,AUGUSTA-AIKEN,283700,271310,100870,11610,83140,34076,52717,13881,13990,13533,16461,42762,39941,18905,19422,42084,56099,13362,13600,13270,16273,44990,44210,20988,21795,48318,70955,0,110188,131983,253013,271333,211796,255663,165261,137491,217456,343415,139731,AUGUSTA-AIKEN,OTHER,OTHER
635.0,AUSTIN,967700,927180,71800,233580,281230,123737,194137,51278,50836,51214,67553,165586,174387,82172,76749,136409,151842,49085,49119,49926,65856,155333,173950,83764,76899,142283,180484,0,413047,489946,988840,1069741,835192,946613,667921,566447,611018,1267532,528829,AUSTIN,"AUSTIN, TX",AUSTIN TX
800.0,BAKERSFIELD,245200,235670,13720,116070,99110,50743,79057,20242,19471,18009,21928,53776,47979,21207,20312,38921,43431,19719,18785,17557,21781,55198,50241,22280,21350,41436,51358,0,127719,149069,292343,329956,250681,263726,183369,165202,175146,372700,167057,BAKERSFIELD,OTHER,OTHER
512.0,BALTIMORE,1177400,1146750,334860,56160,332030,141304,216106,56087,56309,55585,68246,190595,184829,84558,88857,189858,223519,54037,54674,54646,67662,199810,200638,93184,98669,213609,287551,0,493632,592301,1141140,1199753,953614,1154202,750735,617085,914537,1544607,615940,BALTIMORE,OTHER,OTHER
537.0,BANGOR,150700,142470,1160,1860,33260,12183,19463,5341,5611,5873,7041,18043,18154,9454,10423,25995,36231,5059,5335,5729,6805,17819,18909,9884,11000,27736,40603,0,46612,57612,113686,117711,92263,131555,77824,63115,130565,167417,59146,BANGOR,OTHER,OTHER
716.0,BATON ROUGE,353100,343190,116530,13460,107440,46903,70556,18102,18217,19053,26108,59079,54511,24286,24431,51223,62397,17520,17950,19220,27060,60773,58915,26664,26891,57386,79526,0,146352,173243,335550,375669,284228,324307,215698,188415,250532,444159,192632,BATON ROUGE,OTHER,OTHER
692.0,BEAUMONT-PORT ARTHUR,174100,168350,38900,19820,51030,23610,35639,9250,8981,8690,10444,26412,25546,12109,12334,26789,34837,8798,8730,8521,10337,26689,26550,12606,12766,28319,42170,0,65845,78611,155012,167904,129912,157019,101911,86845,132115,210120,84703,BEAUMONT-PORT ARTHUR,OTHER,OTHER
821.0,"BEND, OR",96000,90860,480,5070,24230,9015,14470,3903,3939,3607,4420,13001,14498,7027,6766,14071,23864,3726,3752,3459,4277,12584,14383,7014,6888,16058,25932,0,33981,40869,82161,84270,68507,86705,56576,45712,79925,112290,41717,"BEND, OR",OTHER,OTHER
756.0,BILLINGS,124300,118480,970,4710,30340,13482,21297,5707,5505,4984,5954,15999,17135,7942,7871,18757,27839,5460,5318,4839,5800,15939,17098,7988,7920,19772,30788,0,41025,48945,97892,103678,82101,104483,65954,54901,97156,136421,51664,BILLINGS,OTHER,OTHER
746.0,BILOXI-GULFPORT,142400,136580,32750,6780,43070,17791,27708,7471,7532,7192,8499,21803,21339,10195,10393,22399,27928,7075,7196,6964,8398,23288,23664,11294,11348,24096,33596,0,58246,69594,133324,142636,111583,134728,88233,72229,108019,179819,73608,BILOXI-GULFPORT,OTHER,OTHER
502.0,BINGHAMTON,141000,135780,5670,4150,32620,13343,20823,5598,6002,6826,9199,18820,17145,8459,9304,24112,32258,5243,5640,6587,8767,18209,17228,8639,9623,24723,37541,0,44076,53699,107427,119879,88500,119233,70398,62927,118634,156262,59430,BINGHAMTON,OTHER,OTHER
630.0,BIRMINGHAM (ANN AND TUSC),771800,747250,198420,22500,213840,90912,139053,36210,36612,36489,46427,115849,110075,55202,56113,114860,150510,34854,35620,36169,46750,122287,120984,60330,60806,128326,191648,0,303601,364407,701646,750562,584727,706696,463510,383666,585344,944832,386520,BIRMINGHAM (ANN AND TUSC),OTHER,OTHER
559.0,BLUEFIELD-BECKLEY-OAK HILL,128800,124170,5680,1600,30400,12386,19915,5286,5233,5019,6070,15211,15871,8871,8950,19806,31895,5087,5055,4897,5841,15192,16341,9179,9203,21894,37705,0,40712,49915,98818,102492,80665,110115,68415,54973,111300,140518,51450,BLUEFIELD-BECKLEY-OAK HILL,"BLUEFIELD-BECKLEY, WV",BLUEFIELD-BECKLEY-OAK HILL WV
757.0,BOISE,337900,323460,3710,35410,105330,44491,70877,19257,19543,18001,21940,55189,56876,27002,25757,50235,67981,18420,18818,17275,20929,54801,57913,27190,25899,53582,77929,0,139904,165803,330627,357116,278971,324454,220637,186764,249727,434444,178108,BOISE,OTHER,OTHER
506.0,BOSTON (MANCHESTER),2703400,2556000,195360,237610,694010,269102,427311,114053,117584,126434,159872,415164,406690,196860,208614,442232,524793,109328,113271,125837,158879,411574,420135,208647,223289,478238,653671,0,1040356,1263645,2490973,2630092,2059070,2584705,1664235,1387200,2098934,3411443,1325072,BOSTON (MANCHESTER),OTHER,OTHER
736.0,BOWLING GREEN,85900,82240,6140,2850,23260,10650,16023,4099,4079,4423,6539,13582,12358,6063,6003,12122,15103,3986,4010,4371,6487,13265,12701,6303,6242,12980,18406,0,32269,38511,76517,86092,64272,74772,49670,44545,58611,101619,43127,BOWLING GREEN,OTHER,OTHER
514.0,BUFFALO,671400,637520,64610,27090,157300,66090,102171,26672,27495,29113,35659,93088,86314,40609,45022,106729,136339,25728,26608,29001,35233,93108,89419,42812,47841,115028,166905,0,225339,273180,538213,574356,445350,573774,352017,300692,525001,759970,289573,BUFFALO,OTHER,OTHER
523.0,BURLINGTON-PLATTSBURGH,360800,336920,4230,5880,83430,30534,49105,13345,13916,14968,19365,46644,45953,23153,25272,60831,81170,12588,13234,14709,18976,45374,46744,23663,26000,63910,91961,0,115781,141781,282803,299549,231531,315526,190785,160387,297872,407544,149466,BURLINGTON-PLATTSBURGH,OTHER,OTHER
754.0,BUTTE-BOZEMAN,82200,77260,390,2730,17900,7554,11797,3059,2934,3478,6345,13779,12101,5375,4938,10998,15673,2943,2865,3161,5321,12107,11024,4898,4645,10927,16545,0,28029,32674,68867,77589,59284,64906,42981,42538,54143,90792,36511,BUTTE-BOZEMAN,OTHER,OTHER
767.0,CASPER-RIVERTON,58800,55890,580,3820,15520,7104,11203,3001,2901,2620,3077,8158,8902,3933,3796,9038,12228,2845,2744,2470,2891,7941,8755,3835,3731,9008,13494,0,20531,24262,49051,52582,41524,50998,32952,27866,43768,67097,25892,CASPER-RIVERTON,OTHER,OTHER
637.0,CEDAR RAPIDS-WTRLO-IWC&DUB,378700,362470,18340,10530,93810,43214,65603,17070,17061,18745,26316,55199,53362,24600,24714,55401,73551,16414,16491,18348,26136,53068,52294,24375,24810,56425,86091,0,129737,154547,312422,352443,262898,315981,204155,184191,271468,424248,174221,CEDAR RAPIDS-WTRLO-IWC&DUB,OTHER,OTHER
648.0,CHAMPAIGN&SPRNGFLD-DECATUR,388900,373790,34110,11020,94980,42005,63790,16702,17077,19315,28176,53359,51748,24537,24653,56265,76204,15906,16531,18633,26984,53862,53443,25359,25744,60329,93621,0,132664,158408,312705,355416,262308,322078,205484,182473,286419,429299,178281,CHAMPAIGN&SPRNGFLD-DECATUR,OTHER,OTHER
519.0,"CHARLESTON, SC",381200,367760,94270,14280,105320,43191,66102,17139,16910,16550,20369,60694,58892,26352,26370,54827,74449,16626,16576,16300,20061,64059,63172,28654,29019,63856,92808,0,155885,184904,357212,375103,301823,351142,232459,192677,285940,475895,192246,"CHARLESTON, SC",OTHER,OTHER
564.0,CHARLESTON-HUNTINGTON,442800,426060,11250,4280,113040,45409,72002,19251,19632,19301,23683,57317,58513,31616,32369,69738,99310,18313,18562,18499,22711,56381,60349,32854,33769,75850,119083,0,149584,183353,363168,381224,297030,395058,249470,203498,363981,508756,190794,CHARLESTON-HUNTINGTON,"CHARLESTON-HUNTINGTON, WV",CHARLESTON-HUNTINGTON WV
517.0,CHARLOTTE,1319700,1274830,273640,90840,393230,157836,247004,65596,67007,65540,80566,208818,204795,106580,109149,204015,236055,63442,65232,64566,79763,216446,219943,114500,116013,220410,297026,0,550889,666902,1296244,1361517,1071082,1295405,870980,709908,957506,1720669,695218,CHARLOTTE,OTHER,OTHER
584.0,CHARLOTTESVILLE,101300,94800,11340,3790,24600,10539,16406,4323,4251,4511,6787,13818,14648,6837,6960,14869,21598,4220,4154,4643,7368,14409,15134,7096,7390,17035,26576,0,36639,44029,86292,95251,71942,89969,58065,49050,80078,118196,48650,CHARLOTTESVILLE,OTHER,OTHER
575.0,CHATTANOOGA,393800,378870,36870,22630,107170,44766,68890,18300,18777,18262,22454,59508,57228,29505,30704,62268,84584,17361,17978,17682,21889,59977,59365,30795,32098,67387,102993,0,150137,182235,359180,376665,296378,369350,239695,199399,317232,488835,189708,CHATTANOOGA,OTHER,OTHER
759.0,CHEYENNE-SCOTTSBLUFF,63700,60910,1170,8440,16560,7411,11372,3006,2939,2796,3509,9487,9349,4122,4068,9128,12739,2874,2826,2660,3220,8953,8968,4046,3986,9416,14861,0,21967,25953,52979,57110,44925,53083,34539,30535,46144,71523,27847,CHEYENNE-SCOTTSBLUF,OTHER,OTHER
602.0,CHICAGO,3609900,3543090,598220,580180,1082920,453402,699836,184080,190203,198215,241663,644210,626287,295524,293215,580285,668165,177003,185130,194873,239738,642614,638860,306506,307458,622597,848585,0,1587980,1895438,3754674,4028490,3154001,3670732,2467850,2100899,2719632,4957556,2022591,CHICAGO,OTHER,OTHER
868.0,CHICO-REDDING,198500,189230,3120,24890,49080,22237,34420,9016,9170,9423,14006,30006,27597,12406,12532,29314,46579,8614,8885,9137,13576,28975,27124,12516,12996,32116,53704,0,68615,81611,164152,184766,138624,166601,105171,96547,161713,225582,91328,CHICO-REDDING,OTHER,OTHER
515.0,CINCINNATI,959500,946980,121090,24570,278830,120076,183871,48224,49403,51038,61735,152525,146416,70110,72372,152997,180491,46300,47804,49984,60708,153554,151911,72981,75692,163446,219917,0,378446,454138,895561,970962,747497,905925,589482,503158,716851,1212004,489138,CINCINNATI,OTHER,OTHER
598.0,CLARKSBURG-WESTON,108600,104260,1760,1290,25840,10529,16681,4462,4575,4499,5695,14180,14235,7625,7965,17476,25736,4239,4233,4246,5448,13866,14185,7557,8034,17763,29357,0,35608,43642,87647,91536,71648,94840,59601,49700,90332,122886,45302,CLARKSBURG-WESTON,"CLARKSBURG-WESTON, WV",All Other Suddenlink DMA Total
510.0,CLEVELAND-AKRON (CANTON),1575800,1527000,234670,58340,400910,167020,257669,68045,70387,72609,89611,223793,209889,103456,110021,248233,325901,65120,68169,71100,88499,226204,218523,109329,117525,270837,405966,0,554056,671581,1318740,1413013,1091194,1387813,868743,736770,1250937,1837810,713655,CLEVELAND-AKRON (CANTON),"CLEVELAND, OH",All Other Suddenlink DMA Total
752.0,COLORADO SPRINGS-PUEBLO,407900,391640,23170,75380,117850,49886,76326,19923,19934,18935,24285,70151,63668,28263,27722,58509,75915,19062,19131,18150,23307,65962,63258,28310,28454,64156,89680,0,157530,185984,375788,404289,319612,362340,239675,214089,288260,498453,198987,COLORADO SPRINGS-PUEBLO,OTHER,OTHER
546.0,"COLUMBIA, SC",433800,418640,157840,16460,123170,50138,78578,20884,20966,20925,26797,65806,60392,29435,30296,63620,82126,20197,20632,21180,27882,70918,68087,33321,34317,73584,105540,0,172326,206643,392572,424743,327959,393052,255848,212726,324870,529776,221388,"COLUMBIA, SC",OTHER,OTHER
604.0,COLUMBIA-JEFFERSON CITY,190700,181420,12240,4240,48910,21806,33384,8795,8731,9764,14179,28070,26631,12577,12568,27688,36523,8284,8345,9621,14594,28785,27505,12818,13109,29422,42951,0,69108,82217,162063,184544,136386,162318,105208,94025,136584,219173,93323,COLUMBIA-JEFFERSON CITY,"COLUMBIA-JEFFERSON CITY, MO",All Other Suddenlink DMA Total
522.0,"COLUMBUS, GA (OPELIKA, AL)",237400,228880,87650,10750,67480,29350,44359,11444,11505,12390,18048,38271,33375,15628,15878,32944,40711,10976,11038,11912,17199,39813,36575,17500,17751,36682,52376,0,93888,111639,214791,240711,181162,206333,136707,121200,162713,284417,122999,"COLUMBUS, GA (OPELIKA, AL)",OTHER,OTHER
535.0,"COLUMBUS, OH",1052800,1006870,148530,31540,289980,131050,198974,51262,50279,51352,63792,175941,164053,78324,77718,152075,176572,49136,48573,49994,62283,177166,168647,79785,79093,160746,219855,0,425598,504691,1000727,1071337,843916,960441,647620,559828,709248,1313548,537875,"COLUMBUS, OH","COLUMBUS, OH",All Other Suddenlink DMA Total
673.0,COLUMBUS-TUPELO-WEST POINT,200200,193020,58500,4080,57060,24286,37081,9842,10052,10463,14488,29793,27250,13317,13914,29176,38632,9427,9647,10022,13635,30803,29175,14689,15187,32307,49119,0,74667,89854,174128,193635,145027,175015,113532,98762,149234,235611,98324,COLUMBUS-TUPELO-W PNT-HSTN,OTHER,OTHER
600.0,CORPUS CHRISTI,220100,213270,7080,128710,68580,30730,47008,12375,12565,12580,16070,37982,36244,16219,15490,32183,43594,11738,12069,12233,15668,36648,36035,16690,16323,34590,51711,0,89373,105696,211631,236369,179818,203774,137001,122005,162078,278404,117274,CORPUS CHRISTI,OTHER,OTHER
623.0,DALLAS-FT. WORTH,3054400,2962440,515950,648140,1024520,443715,689336,182467,184343,179422,216139,556690,556383,265704,258089,474935,487744,175331,178943,176601,214273,566466,582855,280151,268606,497303,600044,0,1429472,1698078,3334944,3594684,2808249,3184026,2211788,1853005,2060026,4307182,1820346,DALLAS-FT. WORTH,"DALLAS, TX",DALLAS-FT WORTH TX
682.0,DAVENPORT-R.ISLAND-MOLINE,313400,303070,16290,18940,79860,34889,53844,14204,14334,14365,16831,40605,42500,20793,21256,48739,69498,13624,13764,13873,16164,40146,42320,20791,21722,50792,81552,0,103257,124979,250133,268388,207155,268913,169382,141985,250581,349664,133294,DAVENPORT-R.ISLAND-MOLINE,OTHER,OTHER
542.0,DAYTON,498900,488660,62250,11120,131040,58184,87586,22841,23350,24124,29194,73137,68055,32811,34656,76849,102033,21714,22378,23380,28396,73370,70407,34234,36512,82101,126055,0,178011,214523,423182,457108,352014,435625,276675,237853,387038,582132,229787,DAYTON,OTHER,OTHER
751.0,DENVER,1891300,1806820,85510,294740,514730,208130,326848,87042,88179,85535,114547,346711,326182,149047,140181,270563,322267,83123,84740,81734,109186,323601,314894,144375,138149,280004,375216,0,782870,921019,1883140,1995812,1604810,1763395,1212828,1076668,1248050,2433707,973790,DENVER,OTHER,OTHER
679.0,DES MOINES-AMES,485900,467990,18800,22580,129730,60496,92035,24131,23916,25407,33250,73770,75244,34415,33544,70929,88511,23071,22818,23943,30489,71437,73738,33783,33368,72930,106568,0,178958,212326,429299,475476,362387,427951,284092,250223,338938,573158,233390,DES MOINES-AMES,OTHER,OTHER
505.0,DETROIT,1952300,1910560,405530,70830,538390,221080,339488,89039,92877,98767,126097,318653,281324,140897,151200,318668,378982,85152,90036,96185,123114,314113,292595,151409,161776,342664,476841,0,758117,919893,1811967,1943154,1498991,1840533,1179201,1018171,1517155,2473299,977416,DETROIT,OTHER,OTHER
606.0,DOTHAN,108400,104720,24090,4140,30430,12940,19696,5204,5277,5077,6186,15259,15038,7566,7833,16090,22287,4897,5018,4937,5969,16058,16399,8314,8465,17624,28101,0,40771,49236,94932,100803,78634,97329,63615,51882,84102,128646,51677,DOTHAN,OTHER,OTHER
676.0,DULUTH-SUPERIOR,182400,173540,1850,2570,38810,16222,25714,7003,7181,7495,9804,21889,22259,10884,11340,30357,43753,6569,6823,7152,9325,21086,21793,10588,11360,30675,47104,0,53467,64827,131199,142275,108499,149256,88224,76176,151889,192231,69944,DULUTH-SUPERIOR,OTHER,OTHER
765.0,EL PASO (LAS CRUCES),361200,346220,13490,267750,138440,59027,90339,23436,23931,24280,33050,75586,62742,27831,26305,49262,63878,22689,23578,24030,32460,72761,63535,30527,29902,58392,82314,0,166823,196725,389189,446802,332982,348496,240842,225514,253846,496843,223313,EL PASO (LAS CRUCES),OTHER,OTHER
565.0,ELMIRA (CORNING),100900,95310,2710,1570,24770,10165,16118,4283,4294,4375,5052,12259,12642,6450,7105,17014,23136,4125,4139,4334,4908,12428,13206,6642,7368,17592,26486,0,32276,39644,78100,82296,63627,88019,53413,43508,84228,112706,41518,ELMIRA (CORNING),OTHER,OTHER
516.0,ERIE,160000,154090,8020,4230,39520,16999,25969,6871,7145,7594,8992,21701,20799,10191,11231,26433,35684,6534,6755,7379,8561,21478,21219,10694,11728,27447,41928,0,53391,65119,129041,138608,106082,139742,85862,72914,131492,182921,69331,ERIE,OTHER,OTHER
801.0,EUGENE,278000,265840,3710,16180,59300,23991,37836,10070,10683,11942,19865,40802,36230,17010,16662,37646,66448,9570,10378,11519,19067,39236,36463,17171,17273,42401,75571,0,92870,110143,220847,249305,186912,220856,140809,130569,222066,300894,123456,EUGENE,OTHER,OTHER
802.0,EUREKA,67000,61710,1050,5970,14710,6143,9833,2617,2665,2636,3977,9340,8952,4284,3937,8819,14019,2515,2572,2656,4208,9335,8965,4125,3877,9668,16368,0,22425,26302,52815,58478,45001,52627,34140,30490,48874,71302,29289,EUREKA,"EUREKA, CA",EUREKA CA
649.0,EVANSVILLE,298800,289240,14230,6160,79910,34901,53680,14162,14302,14146,16674,41391,41863,20722,21253,47696,61355,13601,13604,13624,16137,41660,42397,20951,21697,50097,73968,0,105008,126705,251934,269565,208984,266676,168883,141903,233116,349727,134769,EVANSVILLE,OTHER,OTHER
745.0,FAIRBANKS,40000,36920,2110,2610,11600,5617,8095,1979,1790,1863,3018,8506,6647,2667,2530,5333,6506,1883,1682,1574,2138,7010,6142,2444,2360,5161,6263,0,15596,17956,38306,42009,33416,33284,22790,23368,23263,48800,19308,FAIRBANKS,OTHER,OTHER
724.0,FARGO,281900,269850,9170,7800,65630,33597,49538,12552,11780,13085,18757,43301,39277,17043,16531,39549,52620,11991,11366,12732,18357,39027,36720,16009,16069,38767,58646,0,91756,107825,223977,254308,191377,219965,141649,134909,189582,302293,122845,FARGO-VALLEY CITY,OTHER,OTHER
513.0,FLINT-SAGINAW-BAY CITY,460400,443970,48660,16360,118970,48432,74860,19972,20856,21905,28384,64131,59056,30211,32646,75631,101422,18861,19965,21389,28315,64042,60906,31741,34381,81139,121723,0,156689,191070,377114,410080,310087,405711,248941,214428,379915,533884,206393,FLINT-SAGINAW-BAY CITY,OTHER,OTHER
866.0,FRESNO-VISALIA,629900,609320,27940,306200,251240,126906,197288,50950,49477,46435,57017,142490,128078,55212,52510,99788,119693,49003,48059,45218,55981,139720,128328,56527,53823,105522,143363,0,324575,378398,756688,855006,650355,679788,474478,435307,468366,961998,425774,FRESNO-VISALIA,"FRESNO-VISALIA, CA",All Other Suddenlink DMA Total
571.0,FT. MYERS-NAPLES,620800,616310,40740,104350,128940,52301,81137,21566,22475,22799,28231,73057,72486,36224,39396,93695,227490,20516,21450,21924,26950,70499,71670,37671,42263,108738,247812,0,179840,222103,443266,461511,361607,502143,299710,249394,677735,645699,228714,FT. MYERS-NAPLES,OTHER,OTHER
670.0,FT. SMITH-FAY-SPRNGDL-RGRS,345800,332690,11270,32970,104090,47248,72148,18917,18904,18911,24447,58643,58415,26839,25857,50099,62620,18113,18138,18223,23282,57732,57451,27022,26181,52264,75309,0,142205,168386,338140,370965,286102,324128,221765,194201,240292,440503,183710,FT. SMITH-FAY-SPRNGDL-RGRS,"FT SMITH, AR",All Other Suddenlink DMA Total
509.0,FT. WAYNE,290300,279880,19690,12930,83150,39219,59099,15312,15325,15458,18340,44603,42269,20950,21218,45335,56368,14776,14926,15162,17935,44869,43132,21225,21609,46787,68031,0,109226,130835,259875,283943,217048,262525,170403,147380,216521,351997,142323,FT. WAYNE,OTHER,OTHER
592.0,GAINESVILLE,142500,135720,22640,12050,30240,13747,21053,5383,5619,7495,14414,22911,18388,8048,7994,17456,26659,5177,5745,7946,15488,23432,19248,8570,8610,20227,32268,0,51250,59860,117201,145940,100597,108541,70858,71755,96610,154884,74684,GAINESVILLE,OTHER,OTHER
798.0,GLENDIVE,4100,3920,0,100,870,417,633,170,170,156,191,466,509,254,248,648,961,153,160,152,177,471,459,220,217,629,1051,0,1150,1367,2844,3055,2379,3184,1907,1668,3289,4121,1479,GLENDIVE,OTHER,OTHER
773.0,GRAND JUNCTION-MONTROSE,79300,75980,680,9330,20650,8542,13550,3613,3675,3450,4310,11293,11684,5220,5093,12245,19394,3485,3514,3277,4102,10995,11581,5288,5197,13512,22217,0,27864,33061,66351,71200,56061,69820,44063,37600,67368,92108,35243,GRAND JUNCTION-MONTROSE,OTHER,OTHER
563.0,GRAND RAPIDS-KALMZOO-B.CRK,818500,794280,60260,47350,234720,103370,158848,41818,42233,44553,57188,134908,124436,57842,58924,128164,160277,39798,40501,43381,56287,134108,126327,59125,60415,134064,191006,0,319560,379975,756085,838155,636746,749297,487069,433298,613511,1018313,419228,GRAND RAPIDS-KALMZOO-B.CRK,OTHER,OTHER
755.0,GREAT FALLS,68800,65510,780,1980,17480,8529,12542,3245,3111,2865,3593,9744,9050,3944,3942,9993,15053,3038,2904,2672,3294,9154,8858,3914,4027,10453,16737,0,21926,25953,52633,57088,44664,54181,33735,30273,52236,73079,27892,GREAT FALLS,OTHER,OTHER
658.0,GREEN BAY-APPLETON,480400,466440,7280,17590,123960,51366,80420,21472,21969,22394,26915,66136,68286,33145,35071,82056,101088,20550,21152,21774,26103,63698,66333,32343,35034,82542,114923,0,162374,197408,400046,427127,329941,434810,270212,229553,380609,564644,210251,GREEN BAY-APPLETON,OTHER,OTHER
518.0,GREENSBORO-H.POINT-W.SALEM,737500,716510,159790,48620,201570,80770,126562,33835,35468,34891,42888,104823,97258,52151,56623,116209,146784,32489,34585,34647,43405,111068,107315,57151,61035,126644,186383,0,275534,336569,647424,685597,529766,674386,431533,353743,576020,890277,353586,GREENSBORO-H.POINT-W.SALEM,OTHER,OTHER
545.0,GREENVILLE-N.BERN-WASHNGTN,319900,309970,82080,21530,89620,38911,56371,14570,14524,16302,25210,52026,41885,19422,19525,43716,63446,13962,13991,15653,23575,50790,44690,21339,21706,50969,78298,0,116819,138525,271383,310892,230152,263252,168567,158068,236429,366068,156047,GREENVILLE-N.BERN-WASHNGTN,"GREENVILLE-NEW BERN, NC",GREENVILLE-NEW BERN-WASH NC
567.0,GREENVLL-SPART-ASHEVLL-AND,958000,918590,125640,44270,248570,102547,159476,42080,42716,41972,52867,133836,129250,66423,69562,144859,210902,40704,41325,40867,51403,138918,137825,70533,74113,161689,258977,0,347276,421389,820460,863894,676785,854254,547706,451938,776427,1127008,439546,GREENVLL-SPART-ASHEVLL-AND,"NEW YORK, NY","NEW YORK, NY"
647.0,GREENWOOD-GREENVILLE,52000,50010,32200,900,16230,7285,11215,2920,2803,2681,3185,7373,6585,3191,3350,7513,9936,2861,2850,2783,3371,8437,8146,4071,4193,9421,13545,0,20654,24847,45346,49823,37803,46470,29536,23684,40415,62280,26808,GREENWOOD-GREENVILLE,"GREENWOOD-GREENVILLE, MS",All Other Suddenlink DMA Total
636.0,HARLINGEN-WSLCO-BRNSVL-MCA,402400,368940,2570,347380,179300,88197,138603,34821,35222,32218,38850,83801,74939,36919,33385,54840,72428,33962,35233,32227,37953,83183,78347,40752,38063,64032,92727,0,202282,240345,469389,539189,397941,421277,302405,267894,284027,588261,272462,HARLINGEN-WSLCO-BRNSVL-MCA,OTHER,OTHER
566.0,HARRISBURG-LNCSTR-LEB-YORK,821200,785190,51370,55290,215050,96499,148502,39161,38929,40475,46796,118615,117932,57990,61673,131823,179075,37161,37244,39939,45909,118577,120653,59568,63270,139540,214768,0,298798,362068,718278,766454,593335,752449,481086,403006,665206,989641,384646,HARRISBURG-LNCSTR-LEB-YORK,OTHER,OTHER
569.0,HARRISONBURG,105000,97960,5860,6300,25500,10630,16812,4487,4504,4962,7887,13861,14669,7000,7225,15781,22749,4243,4264,5076,8832,13932,14730,7083,7481,16879,27021,0,35745,43226,85981,98032,71275,90848,58188,50642,82430,118641,49653,HARRISONBURG,OTHER,OTHER
533.0,HARTFORD & NEW HAVEN,1039600,1001640,113970,132240,275380,103432,164089,44166,47608,51517,63346,156061,148508,71647,79063,176951,217007,42456,46006,51170,62017,153900,156239,77830,86372,192678,269360,0,387969,474341,929620,992235,764185,989288,619659,518625,855996,1299249,501156,HARTFORD & NEW HAVEN,"NEW YORK, NY","NEW YORK, NY"
710.0,HATTIESBURG-LAUREL,115000,110750,33870,2470,34330,15014,22941,6056,5936,5843,7326,17879,16730,7976,7938,16465,21681,5837,5815,5919,7749,19146,18519,8565,8520,18361,27173,0,46230,54750,105273,115652,88815,103074,68248,57849,83680,140099,59898,HATTIESBURG-LAUREL,OTHER,OTHER
766.0,HELENA,38900,36780,200,980,9220,3873,6064,1624,1578,1442,1755,4526,5336,2457,2513,6279,9058,1522,1508,1349,1630,4455,5205,2464,2622,6823,9456,0,12124,14746,29578,30619,24443,33699,20597,16587,31616,42680,15103,HELENA,OTHER,OTHER
744.0,HONOLULU,491900,481780,17650,41810,143980,68397,102918,26080,24628,24081,31012,93155,92203,41416,40686,85457,128477,24708,23619,22969,29480,88570,91440,41610,41700,89487,152261,0,221620,263320,530780,555936,448394,523999,349055,298472,455682,705724,274069,HONOLULU,OTHER,OTHER
618.0,HOUSTON,2658800,2598960,493750,797250,932520,422955,645014,167703,167592,164511,198104,506631,513559,238977,224179,408151,436942,161256,162142,161107,195299,507845,526840,246652,233521,432770,525678,0,1281337,1514858,2998204,3259525,2540504,2824649,1983728,1681450,1803541,3839125,1637743,HOUSTON,"HOUSTON, TX",HOUSTON TX
691.0,HUNTSVILLE-DECATUR (FLOR),442200,428030,64360,20320,123570,51053,78329,20645,21310,20950,25878,66145,62802,31535,33790,71525,87376,19835,20561,20507,25450,65910,65175,33424,35619,75972,108247,0,164509,200128,394400,417776,324991,409842,262345,220150,343120,541897,210466,HUNTSVILLE-DECATUR (FLOR),OTHER,OTHER
758.0,IDAHO FALS-POCATLLO(JCKSN),148700,141050,1070,13610,47580,24256,37196,9867,9153,8928,12346,25724,25907,11083,9854,20621,28657,9465,9469,9159,12412,24467,25341,10770,9779,20992,31139,0,60578,70357,142925,166137,123292,134347,92734,84914,101409,184538,82149,IDAHO FALS-POCATLLO(JCKSN),OTHER,OTHER
527.0,INDIANAPOLIS,1213700,1176620,146150,54320,347090,151518,233243,61255,61401,64201,81172,191772,185456,89998,89971,181315,216924,58405,59082,62611,79949,197620,193198,93207,93455,194092,269315,0,484025,577480,1134677,1239184,951251,1120692,745285,638369,861646,1510084,626585,INDIANAPOLIS,OTHER,OTHER
718.0,"JACKSON, MS",334700,324330,152200,6560,104250,42413,65982,17650,17949,17338,20698,50727,49399,23848,23636,50263,63001,16929,17429,17207,21013,54645,54925,26936,26762,57618,82280,0,136506,163268,310878,336736,260480,313387,205506,168308,253162,418759,174726,"JACKSON, MS",OTHER,OTHER
639.0,"JACKSON, TN",102700,99320,20870,2580,28500,12014,18747,4960,4986,4850,5841,14133,13632,7062,7407,15799,21633,4747,4907,4802,5839,15011,14985,7730,8047,17761,27046,0,37726,45773,88007,93885,72553,92423,58863,48075,82239,121567,48367,"JACKSON, TN",OTHER,OTHER
561.0,JACKSONVILLE,792500,769000,160470,60410,226110,96678,147253,38139,37259,36368,44084,123996,119775,56686,58192,121571,159541,36652,36146,35750,43600,128171,127391,60810,62692,136064,194294,0,316372,379064,737713,776631,616829,743181,485546,402733,611470,995348,395722,JACKSONVILLE,OTHER,OTHER
574.0,JOHNSTOWN-ALTOONA-ST COLGE,300100,287840,5270,4040,66420,27135,42771,11481,11897,14749,22659,37268,39023,19669,21403,49272,68327,10902,11382,13922,19951,35854,37606,19469,21174,49766,81702,0,92929,114103,231466,260170,188889,257382,158344,140022,249067,330504,126802,JOHNSTOWN-ALTOONA-ST COLGE,OTHER,OTHER
734.0,JONESBORO,88700,84900,7210,2360,24710,11457,17177,4448,4449,4326,5280,13820,12954,6268,6151,12337,16603,4248,4249,4169,5128,14122,13494,6485,6442,13386,20725,0,34101,40543,79736,86046,67143,77517,51794,44473,63051,105459,43398,JONESBORO,"JONESBORO, AR",JONESBORO AR
603.0,JOPLIN-PITTSBURG,155100,149680,2650,6520,43170,19941,30463,8048,8163,8429,10587,22827,22015,10761,10831,23735,32108,7665,7802,8015,9895,22456,22478,10924,11199,24914,38906,0,55858,67057,133491,148387,111461,136857,88208,77021,119663,182140,73768,JOPLIN-PITTSBURG,"JOPLIN, MO - PITTSBURG, KS",All Other Suddenlink DMA Total
747.0,JUNEAU,29200,27100,480,1350,7490,2911,4714,1265,1236,1124,1415,4172,4441,2091,2135,5247,6152,1218,1200,1066,1329,3985,4412,1993,2054,4857,6109,0,10390,12444,25283,26028,21094,27230,17126,14254,22365,35387,12785,JUNEAU,OTHER,OTHER
616.0,KANSAS CITY,1032800,1014580,118200,65520,295440,130365,200026,52265,52142,54956,68321,168478,166689,75869,74120,153283,185185,50254,50232,53345,66742,168391,170106,78061,76814,164357,228506,0,416558,493372,978528,1070958,827594,959299,641659,553477,731331,1296168,536645,KANSAS CITY,"KANSAS CITY, MO",All Other Suddenlink DMA Total
557.0,KNOXVILLE,578500,539790,25370,17500,143960,58346,91833,24587,25203,24442,31823,79699,75299,40302,42655,89879,129294,23455,24016,23437,30381,79488,78384,41968,44897,98537,154118,0,199840,244737,482692,505223,395140,511921,323505,269778,471828,671108,253658,KNOXVILLE,OTHER,OTHER
702.0,LA CROSSE-EAU CLAIRE,230200,219230,2330,4910,55820,25500,39273,10453,10683,11652,16335,32094,31418,14797,15407,36237,48898,9983,10192,11375,16446,30530,30217,14304,15129,35959,54485,0,75051,90180,183896,209168,153360,193468,121272,110051,175579,256092,102872,LA CROSSE-EAU CLAIRE,OTHER,OTHER
582.0,"LAFAYETTE, IN",87500,83740,4980,5110,21030,10218,15297,3882,4255,6278,12387,15427,12164,5451,5305,10479,13117,3813,4065,5399,9599,14520,11815,5546,5405,11146,16190,0,31881,37286,75633,98586,64923,67311,45686,50734,50932,97258,46879,"LAFAYETTE, IN",OTHER,OTHER
642.0,"LAFAYETTE, LA",248100,239410,61800,8080,75690,33902,51004,13136,12973,12495,14969,39565,38100,16901,16917,36870,44261,12732,12507,12266,14868,40942,40247,18078,18554,41214,54366,0,99267,117821,229304,248431,193833,226881,148797,126452,176711,307388,126401,"LAFAYETTE, LA","LAFAYETTE, LA",All Other Suddenlink DMA Total
643.0,LAKE CHARLES,105800,101070,22460,3830,31430,14853,21922,5635,5495,5239,6285,16561,15735,7223,7178,15084,19202,5323,5233,5086,6147,17200,16628,7483,7557,16713,23826,0,41311,48868,95565,103587,80830,93601,61804,52982,74825,127362,52544,LAKE CHARLES,"LAKE CHARLES, LA",LAKE CHARLES LA
551.0,LANSING,276900,267760,23350,12420,70200,29933,45790,11943,12363,14257,21150,43040,38068,18213,18728,41228,53534,11439,11959,13992,21091,42676,38879,18918,19824,44484,64555,0,100473,120297,238346,270284,199794,238342,152630,139199,203801,324058,135556,LANSING,OTHER,OTHER
749.0,LAREDO,80800,78450,490,75920,41090,20710,31142,7521,7686,7460,8916,19381,16880,8297,7519,12072,12997,7351,7581,7425,8864,19427,17379,9012,8568,13843,16940,0,45818,54386,106463,123041,90376,93570,67655,60993,55852,132378,62107,LAREDO,OTHER,OTHER
839.0,LAS VEGAS,872500,850590,123320,206620,257620,115306,178517,46769,46380,44186,54942,159486,161418,75832,74887,139410,178902,44931,45023,43000,54004,159047,161896,77116,75468,143452,206355,0,398059,473527,945150,990927,794795,909479,626617,526565,668119,1228012,495063,LAS VEGAS,"LAS VEGAS, NV",All Other Suddenlink DMA Total
541.0,LEXINGTON,533000,509150,32630,14210,143570,61307,93626,24459,24409,24723,33155,78678,74057,38554,39282,78924,99322,23257,23501,24287,33137,78777,77509,40103,40991,85679,122467,0,196389,237380,467951,502980,387678,475099,310496,263726,386392,632554,253813,LEXINGTON,OTHER,OTHER
558.0,LIMA,70900,68490,5190,1970,19510,8994,13808,3656,3720,3735,4423,10002,9438,4791,5014,11552,15143,3458,3502,3539,4100,9690,9851,4896,5017,11692,17956,0,24437,29454,58699,64465,48668,62251,39007,33668,56343,81943,32076,LIMA,OTHER,OTHER
722.0,LINCOLN & HASTINGS-KRNY,307400,296320,7350,20020,77140,37686,56885,14899,14728,15900,21516,45651,43913,20138,19451,43976,60825,14141,14204,15391,20833,42880,41729,19389,19004,44334,71223,0,103998,123002,252155,287340,213700,251934,163624,150669,220358,340465,140222,LINCOLN & HASTINGS-KRNY,OTHER,OTHER
693.0,LITTLE ROCK-PINE BLUFF,586900,565820,114030,22320,159140,67826,104657,27611,27570,27225,34066,83498,81265,39735,40110,85918,119409,26335,26714,26828,34392,87208,86680,42615,43259,94571,146343,0,216503,259762,504370,543512,421001,514153,333664,278674,446241,684859,277723,LITTLE ROCK-PINE BLUFF,"LITTLE ROCK, AR",LITTLE ROCK AR
803.0,LOS ANGELES,5929000,5697190,489130,2089500,2000980,851559,1326019,348824,356530,343427,448962,1306711,1194618,554331,554608,1045182,1170631,333345,345390,333896,442168,1266082,1201398,577867,580374,1113819,1467928,0,3045347,3625721,7235989,7669460,6101007,6822197,4663196,4059230,4797560,9394990,3821411,LOS ANGELES,"LOS ANGELES, CA",All Other Suddenlink DMA Total
529.0,LOUISVILLE,727700,704480,90560,26660,202890,86386,131849,34485,34740,34267,41697,109106,107604,53060,53800,113718,138056,32847,33400,33330,40903,111071,111400,55170,56500,122500,170455,0,277641,334141,657711,697608,547411,673752,437534,365267,544729,893929,351874,LOUISVILLE,OTHER,OTHER
651.0,LUBBOCK,175100,167610,10350,62980,51420,25216,38326,9975,10016,11227,17552,30891,26967,11424,10761,22483,28783,9688,9905,11041,17014,30355,27461,12105,11609,24369,35235,0,69921,81530,161573,196037,139203,147179,100327,97595,110870,208425,97976,LUBBOCK,"LUBBOCK, TX",LUBBOCK TX
503.0,MACON,254500,246120,97480,8420,75040,30994,48346,12756,12908,12764,15903,37487,34865,17151,18025,39142,49207,12349,12732,12795,16252,40073,39531,19207,20001,43746,63411,0,98811,118812,226340,246028,188314,231668,148780,123431,195506,309228,127858,MACON,OTHER,OTHER
669.0,MADISON,434000,417250,16040,17720,107340,45410,70457,18688,19058,21299,30578,68810,65334,29593,29505,63416,79938,17787,18249,20492,29254,65731,63879,29480,29952,66181,93426,0,159090,189042,382284,424450,322827,377340,247743,223820,302961,511881,208836,MADISON,OTHER,OTHER
737.0,MANKATO,57300,55070,1370,2370,12840,6423,9852,2624,2558,3250,5308,8828,8282,3477,3421,8073,11528,2447,2519,3135,5117,8155,7877,3453,3419,8340,13320,0,19485,22904,46912,56882,40072,46342,29929,29316,41261,63325,27737,MANKATO,OTHER,OTHER
553.0,MARQUETTE,90500,85390,580,980,18430,7645,12157,3287,3442,3943,6067,10265,10031,5104,5516,14779,23019,3138,3293,3616,5188,9760,9804,4985,5441,14987,24193,0,24549,29990,60906,68763,49949,70647,40881,36983,76978,90672,33353,MARQUETTE,OTHER,OTHER
813.0,MEDFORD-KLAMATH FALLS,194200,184180,2040,15940,43340,18606,29403,7746,7650,7028,8735,23927,24123,11567,11712,28102,52379,7459,7236,6662,8347,23573,24603,11796,12177,31953,59110,0,59972,72149,143478,150361,119589,156033,95978,80064,171544,203533,74981,MEDFORD-KLAMATH FALLS,OTHER,OTHER
640.0,MEMPHIS,681100,632270,276400,24660,204090,88590,137151,36054,35488,33466,41670,103245,96092,47606,48442,98577,119907,34733,34677,33159,41725,111536,109185,54155,54792,113254,157678,0,274876,329668,625053,671839,521819,622103,410272,337055,489416,836884,349760,MEMPHIS,"MEMPHIS, TN",All Other Suddenlink DMA Total
711.0,MERIDIAN,66500,64370,25440,1100,19130,8349,12547,3266,3433,3339,4109,9228,8396,4316,4458,9599,13656,3250,3374,3390,4199,9900,9484,4953,5189,11096,17649,0,24337,29526,55924,61314,46277,57491,36796,30507,52000,76619,31926,MERIDIAN,OTHER,OTHER
528.0,MIAMI-FT. LAUDERDALE,1751000,1683180,351420,881560,504620,210363,318335,81285,82401,81703,104026,294078,306992,153871,158132,297370,357370,78529,80702,80590,102456,291872,312719,161247,166010,323033,471529,0,765838,931848,1844921,1889554,1520779,1879374,1258971,1017099,1449302,2465324,948884,MIAMI-FT. LAUDERDALE,OTHER,OTHER
617.0,MILWAUKEE,947900,935650,116450,74470,259550,111285,171068,45061,46184,48083,57727,145696,143248,67111,69665,154380,179880,43260,44665,46919,56724,147866,147547,69519,72519,162029,218907,0,364932,437451,863171,930440,720987,886018,569609,483447,715196,1179580,468575,MILWAUKEE,OTHER,OTHER
613.0,MINNEAPOLIS-ST. PAUL,1963900,1917970,143880,74870,542240,244038,372835,97159,96097,98185,117039,313702,316910,143477,144305,312594,369030,93369,92576,95495,114166,303168,315149,142273,145274,319963,431929,0,760590,905864,1824258,1959564,1534679,1839945,1207388,1035433,1433516,2456815,970251,MINNEAPOLIS-ST. PAUL,OTHER,OTHER
687.0,MINOT-BSMRCK-DCKNSN(WLSTN),182900,175810,5180,7290,44920,25372,36259,8982,8218,8251,10023,30319,27463,11482,11069,25889,32378,8710,7874,7809,9145,26198,24997,10512,10425,24825,35737,0,61707,72132,152465,166199,130971,146662,95948,90356,118829,203179,78661,MINOT-BSMRCK-DCKNSN(WLSTN),OTHER,OTHER
762.0,MISSOULA,141800,131440,860,3490,31730,12932,20764,5664,5687,5430,7604,18502,18920,8879,8578,20411,33456,5263,5257,5098,7331,18177,18782,8775,8727,22572,35472,0,45734,54461,109340,117498,92035,115644,72661,62483,111911,152323,58163,MISSOULA,OTHER,OTHER
686.0,MOBILE-PENSACOLA (FT WALT),608300,590260,120770,24700,169670,72921,110200,28416,28270,27880,34538,93834,85983,40591,41656,92365,125577,27471,27380,27295,33715,95515,92598,44310,45895,104333,153227,0,232423,278318,540382,576259,452831,547731,351033,296602,475502,737080,293433,MOBILE-PENSACOLA (FT WALT),OTHER,OTHER
628.0,MONROE-EL DORADO,175000,169250,55470,4170,50550,22240,33829,8782,8762,8804,11435,24485,23158,11334,11357,25138,34350,8406,8472,8675,11364,26271,25871,12438,12615,28258,43447,0,64580,77195,147529,163835,123557,150169,96773,81769,131193,200925,84619,MONROE-EL DORADO,"MONROE-ELDORADO, LA",MONROE-EL DORADO LA-AR
828.0,MONTEREY-SALINAS,250100,234300,6090,90790,79050,36303,57294,15253,15406,14719,20059,46551,44555,20808,20501,40480,53873,14605,15151,14594,20196,44928,43735,20937,20795,43462,63185,0,109600,130395,262810,291082,221514,255273,171331,152474,201000,346752,144390,MONTEREY-SALINAS,"MONTEREY-SALINAS, CA",All Other Suddenlink DMA Total
698.0,MONTGOMERY-SELMA,246100,239650,106140,5360,71120,30043,45500,11762,11881,11939,15252,35656,32388,16071,16719,36178,47888,11341,11715,12039,15764,38798,37837,18856,19393,42478,62664,0,95491,114884,215718,234600,179606,219920,141264,116086,189208,294374,123294,MONTGOMERY-SELMA,OTHER,OTHER
570.0,MYRTLE BEACH-FLORENCE,324500,314100,78440,11160,87320,34661,54499,14421,14793,14446,17441,43170,41185,21617,22629,50708,79556,14062,14416,14268,17579,46676,46101,24233,25537,60881,96423,0,117010,142547,271148,286716,222982,292891,181302,146042,287568,382737,148857,MYRTLE BEACH-FLORENCE,OTHER,OTHER
659.0,NASHVILLE,1199400,1121110,153030,58450,340840,148259,225602,58886,57969,55487,70343,197471,183784,89480,88826,173064,207770,56738,55920,54268,69094,202387,190905,93162,92864,188148,254892,0,486454,579318,1138879,1206381,957189,1100233,739021,629904,823874,1500091,609816,NASHVILLE,OTHER,OTHER
622.0,NEW ORLEANS,695400,665520,200800,45550,197190,85159,128788,33383,32812,31540,38102,106195,106838,48041,48892,107141,135206,32176,32084,31235,38171,115660,115283,52233,53434,118882,167224,0,283176,336610,646576,683298,544250,650744,424721,348068,528453,872599,352582,NEW ORLEANS,OTHER,OTHER
501.0,NEW YORK,8114900,7633720,1374040,1616640,2276830,985081,1502204,387172,387948,406619,492751,1389807,1319168,637598,655166,1320909,1560068,370858,374692,406074,492979,1413161,1366895,679192,708875,1453634,2045974,0,3459248,4168123,8169862,8604244,6805821,8141437,5366894,4494490,6380585,10944405,4358301,NEW YORK,"NEW YORK, NY","NEW YORK, NY"
544.0,NORFOLK-PORTSMTH-NEWPT NWS,755800,744600,231340,41960,224460,94566,140599,35801,35562,36561,47496,131705,118762,51179,51748,116110,142118,34296,34552,35640,45865,132320,125895,55859,58024,132546,182065,0,314074,372098,725492,781282,615720,710123,461467,400890,572839,974148,395579,NORFOLK-PORTSMTH-NEWPT NWS,OTHER,OTHER
740.0,NORTH PLATTE,15300,14760,200,980,4090,1713,2686,728,732,722,807,1925,2116,1061,1033,2322,3461,704,732,704,759,1809,2157,1039,973,2336,3959,0,5005,5978,12113,13099,10107,13037,8379,6942,12078,16771,6468,NORTH PLATTE,OTHER,OTHER
633.0,ODESSA-MIDLAND,182400,176380,9130,89300,60370,32519,46648,11508,10837,10514,12716,38329,33985,13743,12398,24346,27015,11091,10505,10220,12146,34189,31625,12996,12256,24571,31539,0,78810,91066,189521,210463,164867,165920,117003,111171,107471,238438,101176,ODESSA-MIDLAND,"ODESSA-MIDLAND, TX",ODESSA-MIDLAND TX
650.0,OKLAHOMA CITY,774600,753870,69960,72520,218130,101904,156729,40933,39904,41168,54983,126613,122759,54193,51772,108068,136901,39161,38614,39870,52496,127285,126083,55812,53730,116287,167719,0,309180,362910,718247,801262,612745,688704,464349,410320,528975,942602,401546,OKLAHOMA CITY,"OKLAHOMA CITY, OK",OKLAHOMA CITY OK
652.0,OMAHA,467000,452030,32010,36200,133280,64037,96685,25044,24268,24304,28309,73562,76145,33824,32884,69211,83263,23884,23242,23367,27240,72048,75562,33810,33040,71510,100471,0,181420,214460,430875,468171,364951,425986,285265,244724,324455,571596,232027,OMAHA,OTHER,OTHER
534.0,ORLANDO-DAYTONA BCH-MELBRN,1777500,1738750,242540,364680,453230,185171,289099,76438,77897,78071,98072,277684,264659,126485,128328,272382,438116,73001,75751,77084,97751,277092,275490,135732,138948,308134,521259,0,688314,827262,1624418,1708120,1357142,1650158,1069642,895228,1539891,2204934,863149,ORLANDO-DAYTONA BCH-MELBRN,OTHER,OTHER
631.0,OTTUMWA-KIRKSVILLE,50500,47240,1350,1860,11630,5698,8399,2182,2224,2413,3417,6748,6307,3181,3227,7445,11285,2095,2119,2356,3441,6213,6027,3022,3184,7664,12852,0,15262,18446,37909,43125,31498,40057,24948,22880,39246,53018,21059,OTTUMWA-KIRKSVILLE,OTHER,OTHER
632.0,PADUCAH-CAPE GIRARD-HARSBG,387600,374640,24520,7840,96320,42252,64935,17056,17064,17917,23558,51219,49530,25569,26506,58461,84131,16235,16514,17548,23264,51724,51677,26295,27484,62534,101622,0,129696,157180,310004,338301,256014,328056,207061,176382,306748,430999,170508,PADUCAH-CAPE GIRARD-HARSBG,OTHER,OTHER
804.0,PALM SPRINGS,177600,170350,5770,65990,46660,23086,34586,9188,9200,8196,10513,27400,27564,12824,13039,28411,54094,8753,8895,7858,10050,26371,26976,12478,12324,27861,58591,0,65825,78149,158976,170230,133613,161477,105205,91340,168957,215248,83733,PALM SPRINGS,"PALM SPRINGS, CA",All Other Suddenlink DMA Total
656.0,PANAMA CITY,151800,145750,14450,6400,38170,16546,25202,6557,6425,6145,7335,19542,20154,10216,10913,25516,35646,6342,6280,6056,7158,19962,21297,10661,11513,28026,41122,0,51920,63433,124258,128526,101832,138296,84754,68160,130310,177800,65134,PANAMA CITY,OTHER,OTHER
597.0,PARKERSBURG,65700,63560,980,600,16020,6454,10108,2681,2744,2709,3306,8291,8519,4439,4766,10804,15072,2581,2616,2591,3115,8096,8597,4594,4864,11360,18051,0,21287,26151,52166,54257,42536,57943,35779,29321,55287,74330,26993,PARKERSBURG,"PARKERSBERG, WV",PARKERSBURG WV
675.0,PEORIA-BLOOMINGTON,250800,241790,19100,7200,65260,29205,44914,11822,11816,12531,16404,35529,35831,17278,17141,36972,50037,11256,11379,12252,16283,35691,36287,17707,17868,39453,60438,0,89685,107553,213332,235793,178323,218537,142112,122183,186900,289757,118220,PEORIA-BLOOMINGTON,OTHER,OTHER
504.0,PHILADELPHIA,3179500,3104300,612390,315370,894900,375801,582741,152615,155320,166432,198111,525612,493085,232774,244315,521493,628821,147073,150224,165714,196778,539505,519489,251003,266599,577693,804746,0,1309997,1576596,3072382,3288503,2561468,3106451,2007265,1693897,2532753,4171568,1672489,PHILADELPHIA,"NEW YORK, NY","NEW YORK, NY"
753.0,PHOENIX (PRESCOTT),2119800,2085290,124040,456980,621750,271284,421375,111557,114604,111404,141331,374363,353377,164171,161308,320009,468426,107490,111277,108432,138771,366159,352754,168924,167635,348294,551283,0,887837,1055472,2108691,2279686,1779748,2036472,1368169,1194550,1688012,2776994,1135040,PHOENIX (PRESCOTT),"PHOENIX, AZ",PHOENIX AZ
508.0,PITTSBURGH,1213100,1159200,91250,19630,264700,108569,168471,44206,44980,49221,63779,165973,161395,75764,80819,189801,256935,42275,43321,48596,61891,160500,160884,76867,84210,203544,320415,0,398251,482461,966412,1024870,801383,1033284,639939,547730,970695,1359757,508738,PITTSBURGH,OTHER,OTHER
820.0,"PORTLAND, OR",1386400,1331480,39530,125550,372930,153575,243011,64565,64288,60575,76159,232033,234649,110971,105007,204374,274542,61759,61841,58436,74378,229427,237097,111268,105863,215560,326919,0,577792,683655,1366315,1424993,1155445,1324789,904855,758819,1021395,1786249,710606,"PORTLAND, OR",OTHER,OTHER
500.0,PORTLAND-AUBURN,441100,423110,7520,6510,103320,37947,60377,16260,16889,17857,21189,55819,57136,28570,31435,75280,101809,15580,16076,17478,20419,55626,58855,29908,33212,81441,119628,0,144389,177601,350561,362857,285914,395837,239116,194149,378158,507282,182286,PORTLAND-AUBURN,OTHER,OTHER
552.0,PRESQUE ISLE,29200,27410,290,290,6120,2403,3805,1013,1037,1080,1266,2982,3145,1763,2001,5191,7538,969,980,1042,1191,2916,3166,1794,2046,5160,8677,0,7876,9922,19813,20345,15766,24266,13915,11157,26566,30164,10109,PRESQUE ISLE,OTHER,OTHER
521.0,PROVIDENCE-NEW BEDFORD,666300,646690,45730,73120,174540,68174,105736,27883,29354,32253,39942,105269,98765,46787,51202,110194,132138,26695,28363,31937,39196,104416,101702,50091,55108,121083,166606,0,256209,311317,613340,650358,507030,634932,403655,341965,530021,844617,327342,PROVIDENCE-NEW BEDFORD,OTHER,OTHER
717.0,QUINCY-HANNIBAL-KEOKUK,105800,100050,2810,1470,25370,11479,17568,4640,4603,4778,6283,12734,13514,6572,6802,16412,23247,4403,4435,4523,5674,12766,13465,6493,6902,16792,27370,0,32724,39626,79248,86802,65544,86952,53748,45905,83821,112452,42921,QUINCY-HANNIBAL-KEOKUK,OTHER,OTHER
560.0,RALEIGH-DURHAM (FAYETVLLE),1296000,1226620,344220,98230,381490,156440,243482,64041,63818,61603,77166,204814,198372,97877,97448,185223,220680,61833,61756,60302,75734,211069,213352,106368,105802,207799,284455,0,530789,636591,1235102,1306657,1031852,1212241,819219,675677,898157,1628124,666825,RALEIGH-DURHAM (FAYETVLLE),"RALEIGH-DURHAM, NC",RALEIGH-DURHAM NC
764.0,RAPID CITY,113400,107330,1450,3830,28920,12893,20009,5276,5046,4929,5906,15571,15413,6863,6876,17948,25975,5027,4831,4733,5610,14596,15210,6909,7064,18803,27722,0,36715,43779,88502,95740,74562,95086,58335,50629,90448,125253,47058,RAPID CITY,OTHER,OTHER
811.0,RENO,304900,294480,7460,49440,80650,34013,52231,13720,13754,13310,17316,51445,47488,21455,22326,50441,71608,13105,13111,12513,16164,47544,46438,21144,21932,51141,78275,0,115126,137058,279772,294817,235514,282365,180783,160030,251465,381354,143803,RENO,"RENO, NV",All Other Suddenlink DMA Total
556.0,RICHMOND-PETERSBURG,608300,593160,176400,29130,170380,69669,108402,28600,28596,28791,36749,87378,91429,44385,45448,95642,121209,27436,27777,28544,37238,92272,98204,47786,49588,108454,154401,0,238262,287850,556490,592776,461454,580936,376840,305389,479706,760586,304044,RICHMOND-PETERSBURG,OTHER,OTHER
573.0,ROANOKE-LYNCHBURG,473500,453270,67700,12210,110920,44118,69208,18469,19258,20722,30648,61829,57098,29972,33177,74317,106840,17609,18530,19899,28792,61909,58816,31450,34822,80393,131131,0,152175,186997,369073,401135,301074,400045,245335,212724,392681,523783,200866,ROANOKE-LYNCHBURG,"BLUEFIELD-BECKLEY, WV",BLUEFIELD-BECKLEY-OAK HILL WV
538.0,"ROCHESTER, NY",455500,434700,51180,28810,115570,46168,72436,19085,19783,21185,25836,66043,61095,28267,31403,72378,92826,18471,19135,21082,25744,66808,64159,30702,34171,78884,113520,0,161669,195840,382648,410921,317074,401059,249797,212644,357608,533910,208495,"ROCHESTER, NY",OTHER,OTHER
611.0,ROCHESTR-MASON CITY-AUSTIN,158400,152540,5190,6610,40980,18958,29045,7690,7597,7501,8593,21267,22690,10328,10254,23998,32245,7333,7303,7290,8389,21818,22646,10288,10333,24800,38476,0,54752,65085,129624,140810,109037,135337,86539,73132,119519,178422,70431,ROCHESTR-MASON CITY-AUSTIN,OTHER,OTHER
610.0,ROCKFORD,181800,176330,18090,15870,51350,21987,33868,8982,9355,9477,11193,25991,25116,13010,13870,30167,39859,8620,9030,9181,11001,26293,26386,13470,14336,31290,47508,0,66149,80485,158472,171118,130266,167645,106188,89180,148824,219929,86331,ROCKFORD,OTHER,OTHER
862.0,SACRAMNTO-STKTON-MODESTO,1555700,1477970,115640,342780,490120,216017,339393,90401,90631,85252,108883,278441,275115,125787,123846,251657,324261,86494,87858,82958,107699,279258,280675,130461,130154,274652,395950,0,690394,820548,1623737,1754529,1369737,1592347,1066038,912072,1246520,2150046,881051,SACRAMNTO-STKTON-MODESTO,"SACRAMENTO, CA",All Other Suddenlink DMA Total
576.0,SALISBURY,187400,181400,30010,8180,43970,19039,29114,7631,7704,7717,9921,22973,21241,10673,11949,30902,54667,7326,7556,7787,10317,24118,23248,11783,13237,36524,62987,0,59149,72386,139222,149778,114036,159557,92131,76757,185080,206648,77253,SALISBURY,OTHER,OTHER
770.0,SALT LAKE CITY,1140000,1125860,16900,128520,430290,216468,332249,87398,83165,83981,113217,249025,236003,103445,87149,159948,199755,82804,80958,81438,109694,241169,233095,101448,86254,165041,226916,0,575712,661966,1337588,1552515,1164185,1172383,847394,788839,751660,1662577,766844,SALT LAKE CITY,OTHER,OTHER
661.0,SAN ANGELO,60700,58760,1960,21430,16310,7759,11695,3059,2997,2962,3726,9899,9197,3676,3653,8122,12343,2909,2938,2932,3682,9629,9010,3804,3925,9026,14422,0,22443,26368,52793,58517,45215,50413,33265,30151,43913,69941,29057,SAN ANGELO,"SAN ANGELO, TX",SAN ANGELO TX
641.0,SAN ANTONIO,1069300,1045420,79730,532810,350240,157340,239420,62243,62788,62262,76464,200537,192379,86412,82606,155712,187771,59699,61235,61363,75646,196853,194894,90425,87255,169453,232829,0,482172,569427,1131361,1237235,961500,1059136,733971,638398,745765,1456526,619181,SAN ANTONIO,"SAN ANTONIO, TX",All Other Suddenlink DMA Total
825.0,SAN DIEGO,1172900,1133290,67590,299870,348710,156851,235364,59671,59056,58059,78112,251982,225664,98327,94977,184628,223313,57094,57378,56312,75853,234571,223810,99812,98081,195158,273707,0,558193,656274,1327224,1402502,1134166,1220457,840671,749062,876806,1707010,690358,SAN DIEGO,OTHER,OTHER
807.0,SAN FRANCISCO-OAK-SAN JOSE,2798500,2621190,184900,456790,766190,308034,482123,127005,127182,117147,149889,528082,512449,238674,234146,444735,547235,121513,122702,113637,146443,487009,505363,240151,237026,464070,672586,0,1232523,1469549,2982900,3038844,2511728,2876614,1967809,1663240,2128626,3891705,1492603,SAN FRANCISCO-OAK-SAN JOSE,OTHER,OTHER
855.0,SANTABARBRA-SANMAR-SANLUOB,255300,241750,5150,66080,65650,30857,47761,12449,13293,15043,25947,44748,38205,17367,17313,37651,59450,11973,13163,14556,24325,42558,37744,17546,17825,42058,70276,0,97848,115673,233306,278039,198168,225709,146000,143580,209435,313015,136729,SANTABARBRA-SANMAR-SANLUOB,OTHER,OTHER
507.0,SAVANNAH,381000,368810,103860,23000,110150,48082,71115,18286,18169,18609,24877,61201,55136,25190,25215,53020,80719,17670,17826,18634,25350,63508,59368,27792,27984,61917,97747,0,150668,178652,345394,379665,292195,335622,220685,191619,293403,460331,194652,SAVANNAH,OTHER,OTHER
819.0,SEATTLE-TACOMA,2253200,2158120,131030,169800,585380,252556,385670,99286,96060,92154,120912,410018,384835,170465,165134,330736,417391,94695,92430,88360,115489,380671,378535,169364,165961,345374,496028,0,928570,1094531,2224983,2310803,1893888,2110404,1434294,1251364,1589529,2901093,1132419,SEATTLE-TACOMA,OTHER,OTHER
657.0,SHERMAN-ADA,141000,135930,6670,9970,38850,18058,27497,7213,7097,6864,8240,20648,19825,9543,9673,21291,30266,6870,6926,6756,8170,20866,20463,10026,10247,22961,36143,0,51355,61602,121291,131401,101371,124029,79777,67929,110661,165543,66281,SHERMAN-ADA,"SHERMAN-ADA, OK",All Other Suddenlink DMA Total
612.0,SHREVEPORT,388500,374920,114290,20030,111950,49203,75909,19850,19733,19216,23438,55024,53046,25370,25882,56190,78267,19102,18931,18592,22895,57913,58731,28126,28177,62207,97571,0,144770,172947,332269,362351,278210,337729,219332,182760,294235,450666,186257,SHREVEPORT,"SHREVEPORT, LA",SHREVEPORT LA
624.0,SIOUX CITY,164200,158310,4110,13520,43530,21752,32867,8651,8523,8498,9886,23069,23387,10668,10676,25583,34440,8287,8161,8143,9339,21352,22163,10605,10651,25266,39793,0,54120,64771,132571,147110,111244,138999,88150,77686,125082,183420,71602,SIOUX CITY,OTHER,OTHER
725.0,SIOUX FALLS(MITCHELL),291200,278230,7120,9970,75670,39344,58030,14893,13957,14212,17502,41764,42547,18807,18445,42915,56511,14150,13235,13497,16626,39135,40088,17998,17916,42363,63951,0,97221,115137,236700,262176,200339,241079,155801,139065,205740,321978,127344,SIOUX FALLS(MITCHELL),OTHER,OTHER
588.0,SOUTH BEND-ELKHART,345800,321540,28660,22070,95480,44763,68919,18299,18245,17641,20829,50196,48740,24221,24754,53575,71280,17487,17584,17072,20240,49535,49394,24813,25598,55593,84811,0,123742,149340,297251,322681,246899,306688,197520,168740,265259,406419,161054,SOUTH BEND-ELKHART,OTHER,OTHER
881.0,SPOKANE,505600,480500,7870,33790,128010,57307,89478,23672,23278,22628,30809,75293,71534,32969,33020,75121,112091,22404,22134,21388,29162,72674,71383,33658,33926,80202,123946,0,177715,211641,424457,461498,357511,431813,276490,243625,391360,579780,228265,SPOKANE,"SPOKANE, WA",All Other Suddenlink DMA Total
619.0,"SPRINGFIELD, MO",457200,439890,8510,13630,113900,51274,77951,20559,20740,21407,27091,62180,59637,29187,30167,69502,106651,19575,19803,20663,26466,61409,60951,29942,31286,74660,122573,0,152302,183588,364759,398933,303306,385332,241170,208262,373386,508921,199431,"SPRINGFIELD, MO","SPRINGFIELD, MO",SPRINGFIELD MO
543.0,SPRINGFIELD-HOLYOKE,278500,267400,20430,46640,71200,26672,42991,11687,12518,13981,18225,41654,37720,17788,19364,43909,57572,11095,12032,13849,18053,41798,40994,20101,21725,49357,72083,0,102893,124618,241144,264163,200055,250958,157692,134751,222921,334410,134795,SPRINGFIELD-HOLYOKE,OTHER,OTHER
638.0,ST. JOSEPH,46600,45010,1860,2070,12580,5656,8692,2258,2238,2291,2751,6946,6978,3295,3349,7405,9545,2160,2150,2179,2573,6816,6812,3230,3355,7732,11609,0,16858,20213,40781,43871,34077,42156,27019,23319,36291,55918,21610,ST. JOSEPH,"ST JOSEPH, MO",ST JOSEPH MO
609.0,ST. LOUIS,1288100,1251300,202180,30650,352560,146637,225812,59351,59697,60988,73220,192232,190077,88819,90891,204883,250045,56667,57671,59236,71314,196526,199084,94332,97321,221446,312717,0,489942,587263,1149282,1225828,961070,1186853,760524,635239,989091,1575611,620492,ST. LOUIS,OTHER,OTHER
555.0,SYRACUSE,414600,394440,27210,13200,103730,42012,65672,17365,17934,19578,26217,58656,54752,25929,28827,67520,83842,16481,17274,19554,26145,59279,56685,27415,30492,71187,99375,0,143379,173871,342035,374210,282716,362807,224100,194381,321924,480742,189078,SYRACUSE,OTHER,OTHER
530.0,TALLAHASSEE-THOMASVILLE,302100,288890,87170,16120,79090,34505,52779,13740,14241,16352,26504,46093,39352,18712,19246,40875,56839,13315,14158,17130,29252,48469,43826,20913,21399,46797,71035,0,113208,134607,258010,306603,217365,251120,163448,149907,215546,345682,159590,TALLAHASSEE-THOMASVILLE,OTHER,OTHER
539.0,TAMPA-ST. PETE (SARASOTA),2125200,2043580,227120,325440,488820,203524,319803,84988,85785,83720,103407,285077,284976,141580,148201,321620,554166,81043,82754,81954,102121,290320,300164,150626,158864,362971,657915,0,741110,899974,1759808,1823945,1452743,1869002,1184411,963241,1896672,2444399,925185,TAMPA-ST. PETE (SARASOTA),OTHER,OTHER
581.0,TERRE HAUTE,145100,137610,3200,2380,37260,16844,25848,6827,6911,7036,8955,20177,19363,9811,10257,22887,30430,6447,6442,6579,8352,19511,19047,9834,10236,23330,36991,0,48392,58628,118236,128665,97743,124765,78548,68563,113638,164453,63323,TERRE HAUTE,OTHER,OTHER
547.0,TOLEDO,430000,416210,40820,23150,112920,48542,74427,19641,20255,21228,26876,63044,58629,28761,29884,66544,86556,18782,19310,20369,26017,62993,59744,29896,31172,70604,104457,0,152633,183805,364123,397557,303067,375234,238086,207194,328161,501271,199019,TOLEDO,OTHER,OTHER
605.0,TOPEKA,179400,171760,10820,14260,47380,22425,33414,8633,8573,10104,15602,27871,25117,10906,10691,24507,34594,8207,8166,9468,14248,26396,25115,11042,11029,26397,40725,0,62553,73582,148167,175869,126447,144804,93900,90187,126223,199071,86269,TOPEKA,OTHER,OTHER
540.0,TRAVERSE CITY-CADILLAC,264600,255970,2650,4690,59310,23993,37419,10089,10563,10925,13610,30895,30558,15657,17574,47574,73642,9543,10142,10523,13040,30372,30905,15878,17659,49422,78677,0,77155,94814,189498,202363,154265,225227,128231,108294,249315,286494,100718,TRAVERSE CITY-CADILLAC,OTHER,OTHER
531.0,"TRI-CITIES, TN-VA",330900,319970,7160,5850,79790,29384,47166,12864,13415,13261,16722,42991,41376,23148,25083,53617,78922,12271,12863,12938,16426,42213,42083,23951,26080,57228,93935,0,108247,134327,266925,275109,215762,292566,181721,149320,283702,377770,137611,"TRI-CITIES, TN-VA",OTHER,OTHER
789.0,TUCSON (SIERRA VISTA),467700,457790,19390,145530,120610,51795,79974,21059,21994,22790,32694,77064,64664,29801,29274,63409,113269,20197,21478,22359,32484,74064,65321,31560,31501,71581,134325,0,170945,202446,403249,452801,342474,387111,252121,233497,382584,538239,225788,TUCSON (SIERRA VISTA),OTHER,OTHER
671.0,TULSA,560200,549300,41080,36930,159600,72379,111015,29100,29128,28782,35028,86779,84869,39764,39541,83459,111947,27901,27926,27877,33809,87572,87554,41237,41278,89901,135982,0,216363,257641,508594,553271,427775,507603,334243,285981,421289,681954,278049,TULSA,"TULSA, OK",TULSA OK
760.0,TWIN FALLS,75700,73130,690,13600,23980,11733,18488,4926,4768,4338,5016,12251,12593,5717,5382,11393,15919,4806,4581,4186,4889,12104,12233,5524,5245,11668,17836,0,29861,35106,71049,78851,60422,69755,46694,40959,56816,94110,38936,TWIN FALLS,OTHER,OTHER
709.0,TYLER-LONGVIEW(LFKN&NCGD),289600,279770,45080,36870,83460,38838,59607,15697,15704,15360,19007,43459,40884,19541,19908,43185,63214,15072,15161,15154,19153,45486,43871,21101,21338,47024,75520,0,110458,131796,255588,283016,214342,256852,166643,142799,228943,345797,144765,TYLER-LONGVIEW(LFKN&NCGD),"TYLER-LONGVIEW, TX",TYLER-LONGVIEW TX
526.0,UTICA,111300,106650,5270,4710,26190,11227,17447,4589,4707,5382,6378,14380,13792,6803,7592,17838,25028,4479,4644,5501,6462,14508,14186,7085,7876,18839,30032,0,35779,43655,86222,94477,70754,94011,57334,48945,91737,122899,47742,UTICA,OTHER,OTHER
626.0,VICTORIA,34500,33090,2150,14140,10570,4869,7376,1917,1936,1873,2288,5642,5439,2304,2196,4871,6793,1842,1879,1857,2303,5762,5478,2450,2412,5297,8301,0,13690,16102,31683,35396,27075,30447,20279,17869,25262,41851,17850,VICTORIA,"VICTORIA, TX",VICTORIA TX
625.0,WACO-TEMPLE-BRYAN,417000,402470,69270,83610,125770,60728,88946,22514,22389,25781,41357,77353,65209,27728,26202,52696,68141,21597,21786,24969,39282,75795,67389,29392,28313,58333,82311,0,172576,200889,397381,474255,342866,355262,244233,237849,261481,508410,236827,WACO-TEMPLE-BRYAN,"WACO-TEMPLE, TX",WACO-TEMPLE-BRYAN TX
511.0,"WASHINGTON, DC (HAGRSTWN)",2698600,2640920,666640,296600,801190,354396,537581,138394,136065,134780,164532,473857,485058,230454,229087,433782,468977,132122,131740,132752,164519,486047,500111,240169,241550,464249,583758,0,1226327,1467877,2886333,3012279,2415696,2824460,1926429,1582988,1950766,3784364,1523598,"WASHINGTON, DC (HAGRSTWN)",OTHER,OTHER
549.0,WATERTOWN,95200,92060,3040,3250,26550,12363,18045,4609,4440,4932,6324,15832,13922,6213,6529,14739,19203,4341,4251,4731,5699,14330,13390,6214,6583,15285,21758,0,33934,40517,83013,91587,69901,82875,52851,48820,70985,113037,44364,WATERTOWN,OTHER,OTHER
705.0,WAUSAU-RHINELANDER,191600,186200,1180,3670,44690,18699,29183,7841,8082,8490,10740,23659,24214,12324,13513,35226,46754,7464,7706,8048,9999,22484,23419,11911,13292,34526,51113,0,57814,71106,144816,155288,118011,168425,98673,84450,167619,214568,75861,WAUSAU-RHINELANDER,OTHER,OTHER
548.0,WEST PALM BEACH-FT. PIERCE,901100,867300,129940,148980,203510,85331,132220,34808,36144,35439,44082,114995,115821,58890,62647,136643,261174,33501,34930,34501,42887,113351,118686,62681,67566,153273,314874,0,294718,362284,714637,741333,584424,776207,486291,396435,865964,1004553,372106,WEST PALM BEACH-FT. PIERCE,OTHER,OTHER
554.0,WHEELING-STEUBENVILLE,133300,129560,3740,1500,29990,12179,19237,5150,5312,5315,6485,16424,16270,8806,9531,22418,32378,4922,5109,5194,6211,15958,16075,8825,9512,23322,38771,0,40858,50370,101401,105563,82358,114759,69019,57516,116889,147141,52263,WHEELING-STEUBENVILLE,OTHER,OTHER
627.0,WICHITA FALLS & LAWTON,160400,155110,15220,20420,45370,20503,31102,8007,7921,7822,9802,25187,23275,10242,10278,23667,31324,7730,7637,7524,9351,24663,23884,10654,10714,25044,37793,0,59201,69915,138897,152404,117905,137758,89047,78784,117828,187608,76076,WICHITA FALLS & LAWTON,"WICHITA FALLS, TX - LAWTON, OK",All Other Suddenlink DMA Total
678.0,WICHITA-HUTCHINSON PLUS,474300,453990,24400,51950,132510,61388,95983,25524,25090,25204,30311,71419,69019,31524,31257,72139,94858,24367,24189,24290,28994,69232,69206,31840,31776,73988,110920,0,170278,202054,405273,451039,342240,410749,264622,233530,351905,551400,223562,WICHITA-HUTCHINSON PLUS,"WICHITA-HUTCHINSON, KS",All Other Suddenlink DMA Total
577.0,WILKES BARRE-SCRANTON-HZTN,608100,585050,23870,37920,145360,59497,93716,25212,26472,28254,33979,82779,80090,41138,45894,105457,141406,23999,25217,27694,33161,78882,80025,42057,46900,108087,168491,0,200964,247864,497765,528059,404971,549648,336104,283880,523441,711309,261819,WILKES BARRE-SCRANTON,OTHER,OTHER
550.0,WILMINGTON,228600,220370,31700,8760,52910,19636,31389,8420,8718,8870,11787,29066,27750,14560,15003,34465,57847,8109,8629,9077,12575,29731,30068,15646,16392,41864,68815,0,75445,91837,178216,189130,146821,195748,119419,98166,202991,254545,97097,WILMINGTON,OTHER,OTHER
810.0,YAKIMA-PASCO-RCHLND-KNNWCK,269800,259700,4510,69930,87840,43347,67435,17632,17107,16324,20862,47916,45458,20472,19622,39815,53967,16864,16437,15714,20205,46672,44938,20436,19781,41007,60870,0,112046,131827,265295,298997,225892,251529,170707,154330,195659,346117,147965,YAKIMA-PASCO-RCHLND-KNNWCK,OTHER,OTHER
536.0,YOUNGSTOWN,262100,252670,24180,6990,62460,25630,39614,10532,11249,11533,14129,33382,31578,16867,18212,43023,61445,10003,10733,11126,13596,33089,32391,17257,18785,46521,75401,0,82737,101522,201561,214948,164564,224634,135090,114168,226390,291105,107459,YOUNGSTOWN,"CLEVELAND, OH",All Other Suddenlink DMA Total
771.0,YUMA-EL CENTRO,129100,124750,2850,79720,48030,23903,35155,8787,8855,8456,10773,25238,21671,9365,9173,18523,34154,8512,8545,8103,10205,24469,21797,9987,10243,20640,38258,0,56253,66496,131943,150064,112527,121399,82236,76220,111575,171106,74561,YUMA-EL CENTRO,OTHER,OTHER
596.0,ZANESVILLE,35400,34160,1570,400,9650,4114,6328,1658,1673,1700,2045,4988,4729,2403,2589,5581,7060,1580,1584,1632,1963,5056,4927,2561,2693,5871,8904,0,12544,15237,29946,32004,24664,31354,19902,16754,27416,41398,16139,ZANESVILLE,OTHER,OTHER
,NSI Total U.S,82912600,79769340,11756480,11840790,23906240,10245941,15802220,4142403,4186091,4226195,5328706,13750679,13184486,6297325,6368525,13000033,16048975,3973033,4052165,4142686,5243700,13765753,13606247,6600481,6718115,14026820,19772044,0,33972481,40690596,80291611,86146258,67204971,79802032,52775179,44929721,62847872,107318464,43358867,,,
